product_code,name,base_unit,active
31030001,KREP MSK 060 Y ŽUTI 150/550,kom,true
31050001,AMERICAN SIVI 150/350 DUCT TAPE,kom,true
31090011,Aluminijska škart folija (neutro 330mm),kom,true
32010002,PVC CRNA 50/66 FP,kom,true
32010006,PVC PROZIRNA 25/66 FP,kom,true
32010007,PVC CRVENA 50/66 FP,kom,true
32010008,PVC ŽUTA 50/66 FP,kom,true
32010009,PVC NARANČASTA FLUORESCENTNA 50/66 FP,kom,true
32010011,PP 701 BIJELA 50/66 FP,kom,true
32010012,PVC ŽUTA 38/66 FP,kom,true
32010014,PVC ZELENA 50/66 FP,kom,true
32010016,PVC NARANČASTA 50/66 FP,kom,true
32010027,PVC ŽUTA 25/66 FP,kom,true
32010028,PVC ZELENA 25/66 FP,kom,true
32010036,PP 735 SMEĐA 50/660 FP,kom,true
32010037,PVC 330 SMEĐA 50/66 FP,kom,true
32010044,PP 701 PROZIRNA 25/66 FP,kom,true
32010047,PP 701 BIJELA 12/66 FP,kom,true
32010049,PP 701 CRVENA 50/66 FP,kom,true
32010075,PVC 330 SMEĐA 25/66 FP,kom,true
32010087,PP 701 SMEĐA 50/66 FP,kom,true
32010100,PP 701 BIJELA 75/66 FP,kom,true
32010105,PVC CRVENA 25/66 FP,kom,true
32010112,PP 701 BIJELA 50/100 FP,kom,true
32010113,PP 701 SMEĐA 25/66 FP,kom,true
32010120,PVC CRNA 10/66 FP,kom,true
32010137,PP 701 PROZIRNA 38/990 FP,kom,true
32010144,PVC NARANČASTA 25/66 FP,kom,true
32010146,PP 600 PROZIRNA 25/66 FP,kom,true
32010152,PP 701 PROZIRNA 75/660 FP,kom,true
32010167,PP 701 PROZIRNA 50/132 FP,kom,true
32010183,PVC BIJELA 240/330 FP,kom,true
32010184,PP 701 BIJELA 10/66 FP,kom,true
32010186,PVC CRVENA 38/66 FP,kom,true
32010198,PVC BIJELA 165/330 FP,kom,true
32010201,PP 735 PROZIRNA 50/66  FP,kom,true
32010202,PVC ŽUTA 100/66 FP 35my,kom,true
32010208,PP 701 PROZIRNA 15/66 FP,kom,true
32010209,PP 735 BIJELA 50/66 FP,kom,true
32010211,PP 600 PROZIRNA 38/66 FP,kom,true
32010220,PP 732 BIJELA 50/990 FP,kom,true
32010225,PP 600 SMEĐA 25/66 FP,kom,true
32010245,PP 701 PROZIRNA 25/495 FP,kom,true
32010249,PP 701 PROZIRNA 15/132 FP,kom,true
32010250,PVC ŽUTA 40/66 FP,kom,true
32010251,PP 600 SMEĐA 75/66 FP,kom,true
32010252,PP 701 SMEĐA 50/990 BELUPO,kom,true
32010253,PP 600 PROZIRNA 75/66 FP,kom,true
32010255,PP 600 BIJELA 75/66 WOW FACTOR,kom,true
32020001,PP 701 BIJELA 50/66 ŠPINA,kom,true
32020011,PP 701 BIJELA 50/66 AKD,kom,true
32020020,PP 701 BIJELA 50/66 BIG BANG,kom,true
32020023,PP 701 BIJELA 50/66 ČURI MURI,kom,true
32020049,PP 701 BIJELA 50/66 TIM NOVAK SANITARIJE,kom,true
32020053,PP 701 BIJELA 50/66 DRVOSTIL,kom,true
32020068,PP 701 SMEĐA 50/66 KONTROLA,kom,true
32020069,PP 735 SMEĐA 50/660 LEK,kom,true
32020078,PP 701 BIJELA 50/66 FILIX,kom,true
32020082,PP 701 BIJELA 50/66 GALTOP,kom,true
32020095,PP 701 BIJELA 50/66 IGLU ŠPORT,kom,true
32020099,PP 701 BIJELA 50/66 INO,kom,true
32020110,PP 701 BIJELA 50/66 KO FLEX,kom,true
32020119,PP 701 BIJELA 50/66 LEK SKLADIŠČE,kom,true
32020124,PP 701 BIJELA 75/66 KLS,kom,true
32020132,PP 701 BIJELA 50/66 MIK CELJE,kom,true
32020134,PVC BIJELA 50/66 MIOTTO,kom,true
32020153,PVC BIJELA 50/66 PMR,kom,true
32020160,PP 701 BIJELA 50/66 PROPLACE,kom,true
32020170,PP 701 BIJELA 50/66 TRUTANIĆ,kom,true
32020184,PP 701 BIJELA 50/66 SALUS,kom,true
32020186,PVC BIJELA 50/66 SCHAFER ROLLS,kom,true
32020204,PP 701 BIJELA 50/66 IVERO ZAGREB,kom,true
32020205,PP 701 BIJELA 50/66 FORUM ZADAR,kom,true
32020210,PP 701 BIJELA 50/66 TERMODINAMIKA,kom,true
32020225,PP 701 BIJELA 50/66 ENTRADA,kom,true
32020227,PP 701 BIJELA 50/66 SEALTECH,kom,true
32020234,PP 701 BIJELA 50/66 BESTSELLER TV,kom,true
32020237,PP 701 BIJELA 50/66 PASTOR,kom,true
32020240,PP 701 BIJELA 50/66 MEDIMON,kom,true
32020243,PP 701 BIJELA 50/66 SENSIT,kom,true
32020248,PP 701 BIJELA 50/66 PONISTRA BIORINE,kom,true
32020263,PP 701 PROZIRNA 50/66 RASCO,kom,true
32020265,PP 701 BIJELA 50/66 HARMOLUX,kom,true
32020269,PVC BIJELA 50/66 MI-GLASS,kom,true
32020277,PVC BIJELA 50/66 HORVAT STROJARSTVO,kom,true
32020279,PP 701 BIJELA 50/66 FRANKA MARINE,kom,true
32020285,PVC BIJELA 50/66 FORMATOR,kom,true
32020299,PVC BIJELA 50/66 ZGODITAK,kom,true
32020303,PP 701 BIJELA 50/66 AL GLOBAL,kom,true
32020304,PP 701 BIJELA 50/66 INTERMONT,kom,true
32020306,PP 701 BIJELA TONIRANO CRVENA 50/66 KONZUM MAXX,kom,true
32020321,PP 701 BIJELA 50/66 SANITARIA,kom,true
32020323,PP 701 BIJELA 15/66 AKD,kom,true
32020337,PP 701 BIJELA 50/66 BIOLAB THULE,kom,true
32020338,PP 701 BIJELA 50/66 ELEKTROSPOJI,kom,true
32020339,PP 701 PROZIRNA 50/66 CYTOSTATIKA,kom,true
32020343,PP 701 BIJELA 50/900 DS SMITH SIVI TISAK,kom,true
32020344,PP 701 BIJELA 50/900 DS SMITH NARANČ. TISAK,kom,true
32020352,PVC BIJELA 45/330 LIM-MONT,kom,true
32020353,PP 701 PROZIRNA 50/66 LEILOU,kom,true
32020356,PP 701 BIJELA 50/66 SOLDO METALI,kom,true
32020360,PP 701 BIJELA 50/66 HIDROEX,kom,true
32020361,PP 735 BIJELA 50/66 CROATIA RECORDS,kom,true
32020373,PP 701 ŽUTA 50/66 TRAMAX,kom,true
32020375,PP 701 BIJELA 25/66 1+1 GRATIS,kom,true
32020376,PP 701 BIJELA 25/66 GRATIS,kom,true
32020377,PP 701 BIJELA 50/66 EUROPROFIL,kom,true
32020378,PP 701 BIJELA 50/66 VOKEL,kom,true
32020382,PP 701 BIJELA 50/66 URIHO,kom,true
32020384,PP 701 BIJELA 50/66 SKOMATO,kom,true
32020388,PP 701 BIJELA 50/66 MIKRO-TRGOVINA,kom,true
32020394,PP 701 BIJELA 50/66 PLIVA HRVATSKA KVALITETA,kom,true
32020399,PVC BIJELA 50/66 ETIGRAF,kom,true
32020400,PP 701 BIJELA 50/66 ARBONI,kom,true
32020401,PP 701 BIJELA 50/66 TISAK,kom,true
32020403,PP 735 BIJELA 50/66 PODACER,kom,true
32020409,PP 701 BIJELA 50/66 BOROVO,kom,true
32020413,PVC BIJELA 55/330 LIM MONT,kom,true
32020414,PVC BIJELA 75/330 LIM MONT,kom,true
32020415,PVC BIJELA 115/330 LIM MONT,kom,true
32020422,PP 701 PROZIRNA 50/66 MARIJAN VOĆE,kom,true
32020435,PP 701 BIJELA 50/66 FILTAN,kom,true
32020442,PP 735 BIJELA 50/66 SYSTEMAIR,kom,true
32020444,PP 735 BIJELA 50/66 4x4 PERFORMANCE,kom,true
32020449,PVC BIJELA 75/330 IZOTEC,kom,true
32020450,PVC BIJELA 115/330 IZOTEC,kom,true
32020468,PP 701 BIJELA 50/66 BEK PUŠNICA,kom,true
32020475,PP 701 PROZIRNA 50/66 RU-VE,kom,true
32020477,PVC BIJELA 25/330 LIM MONT,kom,true
32020478,PVC BIJELA 30/330 LIM MONT,kom,true
32020479,PVC BIJELA 85/330 LIM MONT,kom,true
32020484,PP 701 BIJELA 50/66 CROATIA-IMPEX,kom,true
32020486,PP 701 BIJELA 50/66 EGLE,kom,true
32020487,PP 735 BIJELA 50/66 BOSCH,kom,true
32020493,PP 701 BIJELA 75/66 JLM-PERKOVIĆ,kom,true
32020499,PP 701 BIJELA 50/66 CERAMTEC,kom,true
32020506,PP 701 BIJELA 50/66 NOVOLINE,kom,true
32020518,PP 735 BIJELA 50/66 IN AQUA,kom,true
32020520,PP 701 PROZIRNA 50/66 VIVAT FINA VINA,kom,true
32020527,PP 701 BIJELA 50/66 OLIGO-LUX,kom,true
32020529,PP 701 BIJELA 50/66 COPYREKLAM,kom,true
32020535,PP 732 BIJELA 50/66 MERCURY VM,kom,true
32020539,PVC BIJELA 50/66 ŠKARE TRADE,kom,true
32020546,PP 701 BIJELA 50/66 MEGA MONT,kom,true
32020550,PP 735 BIJELA 50/66 MEDIPLUS,kom,true
32020556,PP 701 BIJELA 50/66 TOVEDO,kom,true
32020557,PP 735 BIJELA 50/66 CWG,kom,true
32020559,PP 732 BIJELA 50/66 M.A.G.,kom,true
32020572,PP 735 BIJELA 50/66 HARTA,kom,true
32020576,PP 701 BIJELA 50/66 SATELIT-TBM,kom,true
32020580,PP 701 BIJELA 50/66 PUNTIŽEL,kom,true
32020586,PP 735 BIJELA 50/66 KSENOMED,kom,true
32020588,PP 701 BIJELA 50/66 ROG-JOMA,kom,true
32020590,PP 701 BIJELA 50/66 URBANI RITAM,kom,true
32020591,PP 735 BIJELA 50/66 WATCH CENTAR,kom,true
32020594,PP 701 BIJELA 50/66 G3SPIRITS,kom,true
32020596,PP 701 BIJELA 50/66 REDNAK,kom,true
32020602,PP 701 BIJELA 50/66 N ELEMENTS,kom,true
32020604,PP 701 BIJELA 50/66 OPREZ LOMLJIVO,kom,true
32020611,PP 701 BIJELA 50/66 PK PALFINGER,kom,true
32020612,PP 701 BIJELA 50/66 GESPERRT,kom,true
32020622,PP 701 BIJELA 50/66 STROJPLAST,kom,true
32020634,PP 735 BIJELA 50/66 SORMIKO,kom,true
32020635,PP 701 BIJELA 50/66 DENTALIA,kom,true
32023206,PP 701 BIJELA 50/66 AFP,kom,true
32023208,PP 735 BIJELA 50/66 JEKLOTEHNA-TING,kom,true
32023211,PP 701 ŽUTA 25/66 1+1 GRATIS,kom,true
32023215,PP 701 BIJELA 50/66 ŽELJEZO.HR,kom,true
32023217,PVC BIJELA 50/66 METREL,kom,true
32023218,PP 701 BIJELA 50/66 MAKRO MEHANIKA,kom,true
32023223,PVC BIJELA 50/66 CYBERDINE DARTS,kom,true
32023224,PP 701 BIJELA 50/66 EUROTEIL,kom,true
32023230,PP 701 BIJELA 50/66 NEON CENTAR TON.CRVENA,kom,true
32023237,PP 701 BIJELA 50/66 SPECIAL,kom,true
32023238,PP 701 BIJELA 50/66 SPORTSTIL,kom,true
32023244,PVC BIJELA 35/330 LIM MONT,kom,true
32023245,PVC BIJELA 95/330 LIM MONT,kom,true
32023246,PVC BIJELA 135/330 LIM MONT,kom,true
32023247,PP 735 BIJELA 50/66 EMO-ADRIA,kom,true
32023254,PP 701 BIJELA 38/66 ISTRABENZ PLINI,kom,true
32023265,PP 701 BIJELA 50/66 OPREMLJENO,kom,true
32023270,PP 701 BIJELA 50/66 DRVONA,kom,true
32023279,PVC BIJELA 150/330 LIM MONT,kom,true
32023280,PVC BIJELA 65/330 LIM MONT,kom,true
32023287,PP 701 BIJELA 50/66 O-REL,kom,true
32023332,PP 701 BIJELA 50/66 EYS,kom,true
32023333,PP 701 BIJELA 50/66 AEROTEH,kom,true
32023338,PP 701 BIJELA 50/66 KRUPAL,kom,true
32023340,PP 701 BIJELA 50/66 PROTIS,kom,true
32023343,PP 701 BIJELA 50/66 PAZI STAKLO,kom,true
32023348,PP 701 BIJELA 50/66 FRIGODM,kom,true
32023352,PP 735 BIJELA 50/66 HISA,kom,true
32023353,PP 701 BIJELA 50/66 DA-EM,kom,true
32023363,PP 701 BIJELA 50/66 PFEIFER-TTI,kom,true
32023364,PP 701 BIJELA 50/66 ZEKIĆ,kom,true
32023372,PP 701 BIJELA 50/66 MLC ELECTRONIC,kom,true
32023373,PP 701 BIJELA 50/66 BALTAZAR,kom,true
32023377,PVC BIJELA 50/66 ZAPRTO POIZKUS,kom,true
32023380,PP 701 BIJELA 50/66 DOCTUM,kom,true
32023383,PVC BIJELA 50/66 ELAN INVENTA,kom,true
32023394,PVC BIJELA 135/330 IZOTEC,kom,true
32023400,PP 701 BIJELA 50/66 MICROCLIMA,kom,true
32023406,PP 701 BIJELA 50/66 BIFIX,kom,true
32023414,PP 701 BIJELA 50/66 AGROFIT,kom,true
32023417,PP 701 BIJELA 50/66 CARLLETO,kom,true
32023426,PP 701 BIJELA 50/66 M&M,kom,true
32023434,PP 701 BIJELA 50/66 IPROS,kom,true
32023442,PP 701 BIJELA 50/66 CHIPOLO,kom,true
32023449,PP 701 BIJELA 50/66 ENORMIS,kom,true
32023456,PP 701 BIJELA 50/66 ZZR LJEVAONICA,kom,true
32023464,PP 701 PROZIRNA 75/66 YBC,kom,true
32023465,PVC BIJELA 50/66 NOVAK M,kom,true
32023467,PP 701 BIJELA 50/132 GEYER,kom,true
32023478,PP 701 BIJELA 50/66 DAST FLAKT GROUP,kom,true
32023482,PP 701 BIJELA 50/66 CMC GROUP,kom,true
32023486,PP 701 TON.NARANČASTA 50/66 TELACK,kom,true
32023496,PP 701 BIJELA 50/66 TEKNOXGROUP,kom,true
32023509,PVC BIJELA 50/66 TELEVEND,kom,true
32023515,PP 600 BIJELA 50/66 SLAVONIJA EXPO,kom,true
32023543,PP 701 BIJELA 50/66 ZONA ZAŠTITE,kom,true
32023545,PP 701 BIJELA 50/66 HILAND,kom,true
32023546,PP 701 BIJELA 50/66 FMED,kom,true
32023559,PP 600 BIJELA 50/66 HNS,kom,true
32023573,PVC BIJELA 50/66 PPT COMMERCE,kom,true
32023574,PP 701 BIJELA 50/66 FAGRON,kom,true
32023576,PP 701 BIJELA 50/66 ORTO I MEDI CENTAR,kom,true
32023581,PVC BIJELA 50/66 IPOTOOLS,kom,true
32023591,PVC BIJELA 50/66 MIOTTO NEGATIV,kom,true
32023592,PP 701 BIJELA 50/66 HELIOS REFINISH,kom,true
32023593,PP 701 BIJELA 50/66 ODABERI ZDRAVLJE,kom,true
32023597,PP 701 BIJELA 50/66 FRAGILE -SLO,kom,true
32023598,PP 701 BIJELA 50/66 WEB 2 PRINT,kom,true
32023602,PP 701 BIJELA 50/66 GLASS,kom,true
32023608,PP 701 BIJELA 50/66 PRIROCEN.SI,kom,true
32023609,PP 701 BIJELA 50/66 ELBA COMP,kom,true
32023614,PVC BIJELA 50/66 WOODING,kom,true
32023625,PP 701 BIJELA 50/66 RIBIŠKA TRGOVINA,kom,true
32023627,PP 701 BIJELA 50/66 PLUTOSINT,kom,true
32023633,PP 701 BIJELA 50/66 PIETRO & PIETRO,kom,true
32023641,PP 701 TON.ŽUTA 50/66 DEZIN.OTPADA JESTI.ULJA,kom,true
32023645,PP 701 BIJELA 50/66 TOSAMA,kom,true
32023666,PP 701 BIJELA 50/66 NEVICO,kom,true
32023673,PP 701 BIJELA 50/66 SKELIN MONT,kom,true
32023676,PP 701 TON.CRNA 50/66 PROTEKA,kom,true
32023697,PP 735 BIJELA 15/66 200 NM MAX CRVENI TISAK,kom,true
32023698,PP 735 BIJELA 15/66 200 NM MAX PLAVI TISAK,kom,true
32023699,PP 701 BIJELA 50/66 TECHNOSTORE,kom,true
32023708,PP 701 BIJELA 50/66 KEMIG 4U,kom,true
32023719,PP 701 BIJELA 50/66 COMPANY WALL SI,kom,true
32023741,PVC NARANČASTA 50/66 NESTANDARDNO TRANSP.PAKIRANJE,kom,true
32023742,PP 701 BIJELA 50/66 CABELLO,kom,true
32023747,PVC BIJELA 50/66 SLOHOPS,kom,true
32023760,PVC SMEĐA 50/66 KOCKA,kom,true
32023761,PVC BIJELA 50/66 DANKON,kom,true
32023765,PP 701 BIJELA 50/66 CHESI,kom,true
32023766,PP 701 BIJELA 50/66 CALIFORNIA,kom,true
32023773,PP 701 BIJELA 50/66 NINI TARTUFI,kom,true
32023778,PP 701 BIJELA 50/66 HELIOS RESINS,kom,true
32023793,PP 701 BIJELA 50/66 KLINTEK,kom,true
32023803,PP 701 BIJELA 50/66 SISTEMA,kom,true
32023828,PP 701 PROZIRNA 50/66 TINKTURA,kom,true
32023850,PP 701 BIJELA 50/66 NEVER GREEN,kom,true
32023863,PP 701 BIJELA 50/66 FRIGO FOOD,kom,true
32023866,PP 701 BIJELA 50/66 PAVLOVIĆ PROMET,kom,true
32023875,PP 701 BIJELA 50/66 VODOINTERIJERI,kom,true
32023881,PP 701 BIJELA 50/66  ELCON GERAETEBAU,kom,true
32023882,PP 701 TON.NARANČASTA 50/66 BRUCHGEFAHR!,kom,true
32023886,PP 701 BIJELA 50/66  RIVIERA DEKOR,kom,true
32023887,PP 701 BIJELA 50/66 CRVENI KRIŽ,kom,true
32023894,PP 701 BIJELA 50/66 MEGALANT,kom,true
32023895,PP 701 BIJELA 50/66 PARTYPEK,kom,true
32023909,PVC BIJELA 50/66 OK KACJAN,kom,true
32023912,PP 701 BIJELA 50/66 AFRODITA,kom,true
32023913,PP 701 BIJELA 50/66 MISST,kom,true
32023924,PVC PROZIRNA 50/66 ISMART,kom,true
32023930,PP 701 PROZIRNA 50/66 RONIS,kom,true
32023948,PP 701 BIJELA 50/66 ZVG,kom,true
32023949,PP 701 BIJELA 50/66 LJEKARNE PERAK,kom,true
32023954,PP 701 BIJELA 50/66 ELSTAR,kom,true
32023962,PP 701 BIJELA 50/66 IVIČEK,kom,true
32023963,PP 701 BIJELA 50/66 HIDROPNEUMAT,kom,true
32023964,PP 701 BIJELA 50/66 VIRA,kom,true
32023971,PP 701 BIJELA 50/66 HIDRODOM-ŽELJEZARA,kom,true
32023974,PVC PROZIRNA 50/66 MLIN KOŠAK,kom,true
32023983,PVC SMEĐA 50/66 POLONAPOLONA,kom,true
32023985,PP 701 BIJELA 50/66 BGW ELECTRONICS,kom,true
32023992,PP 701 BIJELA 50/66 PRINTAJ.BA,kom,true
32023997,PP 732 BIJELA 50/66 ARANEA TOYS,kom,true
32023998,PP 701 PROZIRNA 50/66 VINA-ERDUT,kom,true
32024000,PP 701 BIJELA 50/66 MB FRIGO,kom,true
32024006,PP 701 BIJELA 50/66 OLIVAL,kom,true
32024007,PP 701 BIJELA 50/66 NEONREKLAM,kom,true
32024009,PP 701 BIJELA TONIRANA 50/66 STARI RIBAR,kom,true
32024024,PP 701 BIJELA 50/66 ROYAL-HILL,kom,true
32024026,PP 735 BIJELA 50/66 AREA MARIS,kom,true
32024027,PP 701 BIJELA TON.NARANČASTA 50/66 STIHL,kom,true
32024029,PP 701 BIJELA 50/66 JAKOPIC,kom,true
32024033,PP 701 BIJELA 75/66 FIRST FIVE LABS,kom,true
32024037,PP 735 BIJELA 50/660 ALBAUGH,kom,true
32024046,PVC BIJELA 50/66 DUOL,kom,true
32024047,PP 701 BIJELA 25/66 AKD,kom,true
32024053,PP 701 BIJELA 50/66 FUGAPLAST,kom,true
32024068,PP 600 BIJELA 50/66 TRAKTOR SERVIS,kom,true
32024071,PP 701 BIJELA 50/66 PRERADA PLASTIKE ŠANTEK,kom,true
32024072,PP 701 BIJELA 50/66 CORTINA DESIGN,kom,true
32024098,PP 701 BIJELA 50/66 JADRAN,kom,true
32024101,PP 732 BIJELA 50/66 DOBRESTVARI.HR,kom,true
32024102,PP 600 BIJELA 50/66 SANTINI,kom,true
32024103,PP 701 BIJELA 50/66 TRGOVINA DIJELOVA,kom,true
32024107,PP 701 BIJELA 50/66 BA-COM TRGOVINA,kom,true
32024112,PP 701 BIJELA 50/66 FARMEX,kom,true
32024114,PP 701 TON.NARANČASTA 50/66 OPLATE ŠITUM,kom,true
32024145,PP 701 BIJELA 50/66 BRAUN,kom,true
32024146,PP 701 BIJELA 50/66 MEDILAB,kom,true
32024149,PP 701 BIJELA 50/66 BOTANICA,kom,true
32024150,PP 701 BIJELA 50/66 CENTAR TEHNIKE,kom,true
32024161,PP 701 BIJELA 50/66 FIV,kom,true
32024166,PP 701 BIJELA 50/66 MEDEA VINARIJA,kom,true
32024168,PP 701 BIJELA 50/66 SAILBOAT RC,kom,true
32024169,PVC ŽUTA 50/66 HANDLE WITH CARE,kom,true
32024170,PVC BIJELA 50/66 KARCHER,kom,true
32024176,PP 701 BIJELA 50/66 VSEBINA PREVERJENA,kom,true
32024177,PP 701 BIJELA 50/66 LDE NE KORISTITI VIŠE ŠIFRU !!!,kom,true
32024184,PP 701 PROZIRNA 50/66 ETIKGRAF,kom,true
32024187,PP 701 BIJELA 50/66 ELCON,kom,true
32024192,PP 701 BIJELA 50/66  REPROISTRA,kom,true
32024215,PP 701 BIJELA 50/66 SKUTER DIJELOVI,kom,true
32024235,PP 701 BIJELA 50/66 VIVATIP,kom,true
32024248,PP 701 BIJELA 50/66 IPK KORDIĆ,kom,true
32024263,PVC BIJELA 50/66 Q-BICKS,kom,true
32024264,PP 701 BIJELA 50/66 SILMA,kom,true
32024271,PP 701 BIJELA 50/66 INOX CENTER,kom,true
32024286,PP 701 BIJELA 50/66 FSB,kom,true
32024300,PP 701 BIJELA 50/66 TOMRA,kom,true
32024302,PVC BIJELA 50/66 MARAŠ PRODANO,kom,true
32024304,PP 701 BIJELA 50/132 MAPEI,kom,true
32024305,PVC BIJELA 50/66 HTS IC,kom,true
32024310,PP 701 BIJELA 50/66 EARTH FLOW,kom,true
32024319,PP 701 BIJELA 50/66 LABTEX,kom,true
32024325,PP 701 BIJELA 50/66 MATPROM,kom,true
32024327,PP 701 BIJELA 50/66 ROYAL-HILL-CRNI TISAK,kom,true
32024344,PVC BIJELA 50/66 NL,kom,true
32024345,PP 701 PROZIRNA 50/66 ZAŠTITNE FOLIJE,kom,true
32024354,PVC NARANČASTA 75/66 GRUPA.COM,kom,true
32024357,"PP 701 BIJELA 50/66 SATELIT-TBM, HB MEĐUGORJE",kom,true
32024362,PP 701 BIJELA 50/66 VOGER,kom,true
32024366,PP 701 BIJELA 50/66 WIZARDLAB,kom,true
32024367,PP 701 BIJELA 50/66 MACAN PT,kom,true
32024386,PVC BIJELA 50/66 HTS STEEL,kom,true
32024387,PVC BIJELA 50/66 HTS CTO,kom,true
32024400,PP 701 BIJELA 50/66 ENOZOIK,kom,true
32024403,PVC BIJELA 50/66 STEEL,kom,true
32024405,PP 701 BIJELA 50/66 EKOFIMA,kom,true
32024410,PP 701 BIJELA 50/66 LJEKARNE ONLINE,kom,true
32024419,PP 701 BIJELA 50/66 MUSEUM OF ILLUSIONS,kom,true
32024430,PP 701 BIJELA 50/66 STRELICA,kom,true
32024432,PP 732 BIJELA TONIRANO CRNA 50/66 SALON PREMIUM,kom,true
32024434,PP 735 BIJELA 50/66 ECO WATER,kom,true
32024439,PP 701 PROZIRNA 50/66 LIV SYSTEMS,kom,true
32024440,PVC BIJELA 50/66 GARTEN XL,kom,true
32024442,PP 732 BIJELA 50/66 DOMINIK FUHRMANN,kom,true
32024444,PP 701 BIJELA 50/66 MARČETA,kom,true
32024452,PP 701 BIJELA 50/150 DIVE STORE,kom,true
32024453,PP 732 BIJELA 50/66 POBIS,kom,true
32024457,PP 701 BIJELA 50/66 SOLIDOR,kom,true
32024489,PP 732 BIJELA 50/66 CRYSTAL NAILS SRCE,kom,true
32024491,PP 701 BIJELA 50/66 NEW NODI T.U.,kom,true
32024495,PP 701 BIJELA 50/132 RODEA,kom,true
32024496,PP 701 BIJELA 50/66 SINITECH,kom,true
32024502,PP 701 BIJELA 50/66 EUROBUS,kom,true
32024514,PP 701 BIJELA 50/66 PRETENT,kom,true
32024518,PP 701 BIJELA 50/66 DATA LINK,kom,true
32024522,PP 701 TONIRANO SIVA 50/66 KASTAV GRUPA,kom,true
32024539,PP 701 BIJELA 50/66 TEA PHARIA,kom,true
32024547,PP 600 BIJELA 50/66 WHOLESALE,kom,true
32024552,PVC BIJELA 50/66 HF,kom,true
32024559,PP 701 BIJELA 50/66 PLINARA BADERNA,kom,true
32024561,PP 701 PROZIRNA 50/66 DANIDI,kom,true
32024570,PP 701 BIJELA 50/66 OBO BETTERMANN,kom,true
32024573,PP 701 BIJELA 50/66 BIG WIN PLANTS,kom,true
32024586,PP 701 BIJELA 50/66 COMPANYWALL.COM,kom,true
32024587,PP 701 BIJELA 50/66 BTC LOG. CENTER,kom,true
32024591,PP 701 BIJELA 50/66 KEFO,kom,true
32024592,PP 701 BIJELA 50/66 STUDIO BAR,kom,true
32024603,PP 600 BIJELA TON. SIVA 50/66 VODOPROMET,kom,true
32024607,PP 701 BIJELA 50/660 REGINEX,kom,true
32024610,PP 735 BIJELA 50/990 CLARO PROM,kom,true
32024627,PP 701 BIJELA 50/66 BARBECA,kom,true
32024631,PP 600 BIJELA 50/66 BELUPO,kom,true
32024635,PP 701 BIJELA 50/66  RO-LA TRANSKOP,kom,true
32024640,PP 701 BIJELA 50/66 DEKLA,kom,true
32024641,PP 701 BIJELA 50/66 LDE,kom,true
32024643,PP 701 BIJELA 50/66 BMD STIL,kom,true
32024649,PP 701 BIJELA 50/66 CARAUDIO EMPIRE,kom,true
32024653,PP 701 BIJELA 50/66 VIDAM TRADE,kom,true
32024658,PP 701 BIJELA 50/66 ŠRAMIL,kom,true
32024662,PP 701 BIJELA 50/66 DORA TRGOVINA ZELENI TISAK,kom,true
32024666,PP 701 BIJELA 50/66 H,kom,true
32024676,PP 600 BIJELA 50/66 MAIL BOXES ETC,kom,true
32024679,PP 701 BIJELA 50/66 MULTI FORMA,kom,true
32024683,PP 701 BIJELA 50/330 MESAR. OBLAK,kom,true
32024684,PP 732 BIJELA 50/66 RI INSTAL,kom,true
32024688,PP 701 BIJELA 50/66 WISE GRUS,kom,true
32024703,PP 701 BIJELA 50/66 ALPINA,kom,true
32024708,PVC BIJELA 50/66 RECIKLAŽNI ZNAK,kom,true
32024713,PP 701 BIJELA 50/66 MOBIS,kom,true
32024716,PP 701 BIJELA 50/66 KLEN,kom,true
32024725,PP 701 BIJELA 50/66 MATCH FISHING,kom,true
32024745,PP 701 BIJELA TONIRANO ŽUTA 75/66 STENAVERT,kom,true
32024748,PP 701 BIJELA 50/66 HOSEKRA,kom,true
32024749,PP 701 PROZIRNA 50/66 CHROMOS,kom,true
32024750,PP 701 BIJELA 50/66 SOMA,kom,true
32024755,PP 732 BIJELA 50/66 NOVAG,kom,true
32024757,PP 600 BIJELA 50/66 MOTO MARKET,kom,true
32024762,PVC BIJELA TONIRANO CRNA 50/66 RED PITAYA,kom,true
32024769,PVC BIJELA 50/66 MOTO X GENERATION,kom,true
32024771,PP 701 BIJELA 50/66 LAGERMAX LOGISTIKA 2023,kom,true
32024772,PP 701 BIJELA 50/66 RIVALIS,kom,true
32024789,PP 701 BIJELA 50/66 KLIK CUTTING,kom,true
32024800,PP 600 BIJELA 50/66 GM PHARMA,kom,true
32024817,PP 600 BIJELA 50/66 RIMAC,kom,true
32024823,PP 701 BIJELA 50/66 LAGERMAX LOGISTIKA RIJEKA 2023,kom,true
32024824,PP 701 BIJELA 50/66 LAGERMAX LOGISTIKA ZAGREB  2023,kom,true
32024830,PP 701 BIJELA 50/66 FITNESS - SHOP,kom,true
32024832,PP 600 BIJELA 50/66 MAIL BOXES SISAK,kom,true
32024839,PP 701 BIJELA 50/66 GRUPACIJA FLAVIA x MARINO TRANS,kom,true
32024841,PP 701 PROZIRNA 50/66 MIKLAUŽIĆ,kom,true
32024849,PP 701 BIJELA 50/66 ELLABO,kom,true
32024857,PP 701 BIJELA TONIRANO ŽUTA 50/66 SIMPAK,kom,true
32024861,PVC BIJELA 125/330 LIM MONT,kom,true
32024862,PVC BIJELA 145/330 LIM MONT,kom,true
32024869,PP 701 BIJELA 50/66 FTB NUTRITION,kom,true
32024870,PP 600 BIJELA TONIRANO CRNA 50/66,kom,true
32024871,PP 600 BIJELA TONIRANO NARANČASTA 50/66,kom,true
32024872,PP 600 BIJELA TONIRANO CRVENA 50/66,kom,true
32024874,PP 701 BIJELA 50/66 JAGUŠT,kom,true
32024890,PVC BIJELA 50/66 METALI BF,kom,true
32024895,PP 701 PROZIRNA 21/132 FOST NOVI,kom,true
32024896,PP 701 BIJELA 75/66 SATELIT TBM 2024,kom,true
32024899,PP 701 BIJELA 50/66 STRIBOR,kom,true
32024906,PP 701 BIJELA 50/66 HITRA KAVA,kom,true
32024907,PP 735 BIJELA 50/990 GENERA,kom,true
32024910,PP 701 BIJELA 50/66 OPG KOALA,kom,true
32024916,PP 701 BIJELA 50/66 PROSEN 40,kom,true
32024919,PP 732 BIJELA 50/66 PLATINUM BAZENI,kom,true
32024921,PP 701 BIJELA 50/66 ŽITO PEK,kom,true
32024925,PP 600 BIJELA 50/66 PCTOGO,kom,true
32024927,PP 701 BIJELA TON. ZELENA 50/66 AGRONOM,kom,true
32024929,PP 701 BIJELA 50/66  DILOGIC,kom,true
32024934,PP 701 BIJELA 50/66  PLASTING ORTOPEDIJA,kom,true
32024937,PP 701 BIJELA 50/66  ALBI,kom,true
32024938,PP 701 BIJELA 50/66 EVMA 2024,kom,true
32024939,PP 600 BIJELA 50/66 CAPSULA,kom,true
32024940,PP 701 BIJELA 50/66  MUFLON,kom,true
32024943,PP 701 PROZIRNA 50/66 VINA PAPAK,kom,true
32024945,PP 600 BIJELA 50/66 TERMIN,kom,true
32024960,PP 732 BIJELA 50/66 A2B,kom,true
32024961,PP 701 BIJELA 50/66 KIK ZAGREB,kom,true
32024963,PP 701 BIJELA TON. PLAVA  50/66  TINEX,kom,true
32024964,PP 701 BIJELA 50/66 EUROPAPIER,kom,true
32024966,PP 600 BIJELA 50/66 ČAROLIJA POKLONA,kom,true
32024970,PP 701 BIJELA 50/66 MATRIX,kom,true
32024974,PP 701 PROZIRNA 50/66 UNIOR,kom,true
32024976,PP 701 BIJELA 50/66  ZAGLAV 2024,kom,true
32024982,PP 701 BIJELA TONIRANO CRVENA 50/66 AT POVRAT,kom,true
32024985,PVC BIJELA 50/66 ETIKS,kom,true
32025003,PVC BIJELA 50/66 LUNOS,kom,true
32025004,PP 701 BIJELA 50/66 CINKARNA,kom,true
32025006,PP 701 BIJELA 50/66  iNOVINE,kom,true
32025008,PP 701 BIJELA 50/66 BIM SPORT 2024,kom,true
32025015,PP 701 PROZIRNA 50/66 VISLANDER,kom,true
32025022,PP 701 BIJELA 50/66  DIDA BOŽA,kom,true
32025023,PP 701 BIJELA TON. PLAVA  50/66 KANSAI HELIOS,kom,true
32025026,PP 701 BIJELA 50/66  VIBROBETON 2024,kom,true
32025027,PP 701 BIJELA 50/66 ELOS,kom,true
32025038,PP 600 BIJELA 50/66 ALATI MATIĆ,kom,true
32025042,PP 732 BIJELA 50/66 DRNIŠKA PRŠUTANA,kom,true
32025049,PP 701 BIJELA 50/66  ŠTAND EXPO 2024,kom,true
32025052,PVC BIJELA 25/66 UNWINDING DIRECTION,kom,true
32025053,PVC BIJELA 50/66 CARETRONIC,kom,true
32025064,PP 600 BIJELA 50/66 MONTE,kom,true
32025065,PP 732 BIJELA 75/66 SPIROFLEX,kom,true
32025068,PP 701 PROZIRNA 50/66 GAJBICA,kom,true
32025073,PP 600 BIJELA 50/66 SALESIANA,kom,true
32025085,PP 600 BIJELA TONIRANO PLAVA 50/66 BIOVITALIS,kom,true
32025094,PP 701 BIJELA 50/66  SIGA 2024,kom,true
32025102,PP 701 PROZIRNA 50/66  BIJELIĆ,kom,true
32025106,PP 701 BIJELA 50/66 NUR,kom,true
32025107,PP 701 PROZIRNA 50/66 NUR,kom,true
32025108,PP 701 BIJELA 50/66 TESLA CABELS,kom,true
32025109,PP 701 BIJELA 50/66  ISKRA MEDICAL 2024,kom,true
32025114,PP 701 BIJELA 50/66 ZVEZDA,kom,true
32025117,PP 701 BIJELA TONIRANO PLAVO 25/66 NICNACS,kom,true
32025119,PP 701 BIJELA 50/66 REKLAMATIK,kom,true
32025133,PP 701 PROZIRNA 50/66 FRAGARIA PLANTA,kom,true
32025134,PP 600 BIJELA 50/66 MARTIMEX,kom,true
32025137,PP 600 BIJELA 50/66 MEDIVITA,kom,true
32025138,PP 600 BIJELA 50/66 FOKUS MEDICAL,kom,true
32025139,PP 701 BIJELA 50/66  VINO ARTIS,kom,true
32025142,PP 701 PROZIRNA 50/66  EVINO,kom,true
32025146,PP 701 BIJELA 50/66 OLUK,kom,true
32025152,PP 735 BIJELA 50/990 LEK VETERINA,kom,true
32025155,PP 600 BIJELA 50/66 GRUPACIJA FLAVIA x GRATIS,kom,true
32025158,PP 701 PROZIRNA 50/66 LESNINA,kom,true
32025160,PP 701 BIJELA 50/66 PITHOS,kom,true
32025165,PP 701 BIJELA 50/66 SIMES,kom,true
32025167,PP 701 BIJELA 50/66 GHIA STORE,kom,true
32025173,PP 701 BIJELA 50/66 BATUR PROJEKT,kom,true
32025176,PP 701 BIJELA 50/66 3D MEDIART 2024,kom,true
32025181,PVC BIJELA 50/66 INOVATIO 2024,kom,true
32025185,PP 701 BIJELA TONIRANA ZELENA 50/66 HERBIE,kom,true
32025186,PP 701 BIJELA TON.CRVENA 50/66 GESPERRT,kom,true
32025187,PVC BIJELA 50/66 ELARIS PHARMA,kom,true
32025189,PP 732 BIJELA 50/66 HARLEY DAVIDSON,kom,true
32025190,PP 600 BIJELA 50/66 INDOIL,kom,true
32025191,PP 701 BIJELA 50/66 SABBIA NATURAL,kom,true
32025192,PP 701 BIJELA TONIRANO CRNA 50/66 AB KERAMIKA,kom,true
32025193,PP 701 PROZIRNA 50/66 DEKLIĆ,kom,true
32025194,PP 732 BIJELA 50/66 SOCAP,kom,true
32025195,PP 735 BIJELA 50/66 OMRČEN 2025,kom,true
32025196,PP 701 BIJELA 50/66 PAMETNE BRAVE,kom,true
32025197,PP 701 BIJELA 50/66 MISLEJ PLASTIKA,kom,true
32025198,PP 701 BIJELA 50/66 CEKOM,kom,true
32025199,PP 600 BIJELA 50/66 GLS ZAG,kom,true
32025200,PP 701 BIJELA 50/132 EUROENERGOEKO,kom,true
32025201,PP 701 BIJELA 50/66  HOOKAH SHOP,kom,true
32025202,PP 701 BIJELA 50/66 BIRODOM,kom,true
32025203,PP 735 BIJELA 50/66 PROMANDS Weitnauer,kom,true
32025204,PP 600 BIJELA 50/66 BABOR,kom,true
32025205,PP 701 BIJELA 50/66 METAL-CREATOR,kom,true
32025206,PVC BIJELA 50/66 KMC 2025,kom,true
32025207,PP 600 BIJELA 50/66 GRUPACIJA FLAVIA x MAGALIA,kom,true
32025208,PP 600 BIJELA 50/66 CENTURION,kom,true
32025209,PP 701 BIJELA 50/66 BEKO MENJAVA,kom,true
32025210,PP 701 BIJELA 50/66 BIG BANG PRODANO,kom,true
32025211,PP 701 BIJELA 50/66 BIG BANG REKLAMACIJA,kom,true
32025212,PP 701 BIJELA 50/66 TEHNIKA SET,kom,true
32025213,PP 701 BIJELA 50/60 UNIKATNI POKLONI PRIČA,kom,true
32025214,PP 701 BIJELA 50/66 SPAZ,kom,true
32025215,PP 701 PROZIRNA 50/66 VOLARIĆ,kom,true
32025216,PP 701 BIJELA TON. ŽUTA 50/66 NORD 2025,kom,true
32025217,PP 701 BIJELA 50/66 BE AWAKE,kom,true
32025218,PP 600 BIJELA TONIRANA PLAVO 50mm/132m METRO PRIJEM,kom,true
32025219,PP 701 BIJELA 50/66 ELEKTROLUX ŠI,kom,true
32025220,PP 701 BIJELA 50/66 FADALTI,kom,true
32025222,PP 600 BIJELA 50/66 BIG BANG HR,kom,true
32025223,PP 701 BIJELA 50/66 BIOMEDIS,kom,true
32025224,PP 701 BIJELA 50/66 KOTTI-TT,kom,true
32025225,PP 701 BIJELA 50/66 ITALSERRANDE,kom,true
32025226,PP 701 BIJELA TONIRANA 50/66 TORCIDA-HAJDUK ŽIVI VJEČNO,kom,true
32025227,PP 732 BIJELA 50/66 LS TRACTOR,kom,true
32025228,PP 701 BIJELA 50/66 FLUIDMATIC,kom,true
32025229,PP 701 BIJELA 50/66 ZADAR SUB 2025,kom,true
32025230,PP 701 BIJELA 50/66 SARTORIUS CROATIA,kom,true
32025231,PP 600 BIJELA 50/66 PIP,kom,true
32025232,PP 600 BIJELA 50/66 MEĐIMURKA,kom,true
32025233,PP 701 BIJELA 50/66 ELUMATEC,kom,true
32025234,PP 701 BIJELA 50/66 VETERINARSKA STANICA POŽEGA,kom,true
32025235,PP 701 PROZIRNA 50/66 JUICE BOX,kom,true
32025236,PP 735 BIJELA 75/66 ZEPTER LIVE BETTER,kom,true
32025237,PP 701 BIJELA 50/66 NB HOBBY AND ART,kom,true
32025238,PVC BIJELA 50/66 HUNOR,kom,true
32025239,PP 701 BIJELA 50/66 MIX DOGTRA 2025,kom,true
32025240,PP 600 BIJELA 50/132 OMEGA STILL,kom,true
32025241,PP 600 BIJELA 50/66 GESTA,kom,true
32025242,PP 701 BIJELA 50/66 AROMA,kom,true
32025243,PP 701 BIJELA 50/66 KALELARGA,kom,true
32025244,PP 701 BIJELA 50/66 WT GRUPA,kom,true
32025245,PP 701 BIJELA 50/66 SUNPROTECT 2025,kom,true
32025246,PP 600 BIJELA 50/66 A1,kom,true
32025247,PVC BIJELA 50/66 KOŽAG,kom,true
32025248,PP 600 BIJELA TONIRANO ZELENA 50/66,kom,true
32025249,PP 600 BIJELA TONIRANO ŽUTA 50/66,kom,true
32025250,PP 732 BIJELA 50/66 BIG BIKE,kom,true
32025251,PP 701 BIJELA 50/66 CARAUDIO EMPIRE 2025,kom,true
32025252,PVC BIJELA 50/66 PM POHIŠTVO,kom,true
32025253,PP 600 BIJELA 50/66 CIAK TOOLS,kom,true
32025254,PP 735 BIJELA 50/66 DANG 2025,kom,true
32025255,PP 701 BIJELA 50/66 MEDICAL INTERTRADE,kom,true
32025256,PP 701 BIJELA 50/66 STRIX,kom,true
32025257,PP 701 BIJELA 50/66 CEDRUS IZOLACIJE,kom,true
32025258,PP 701 BIJELA 50/66 FOCUS DENTAL,kom,true
32025259,PP 701 BIJELA 50/66 HELIOS RESINS ATCOAT 2025,kom,true
32025260,PP 732 BIJELA 50/66 TEAM BALJA,kom,true
32025261,PP 701 BIJELA 50/66 AROMABOX,kom,true
32025263,PP 701 BIJELA 50/66 KELEČIĆ,kom,true
32025264,PP 701 BIJELA 50/66 LIVOLO,kom,true
32025265,PP 600 BIJELA 50/66 MEDITA INOX,kom,true
32025266,PP 701 BIJELA 50/66 PLP,kom,true
32025267,PVC BIJELA 50/66 LAGERHOF 2025,kom,true
32025268,PP 701 BIJELA 50/66 MAROVT,kom,true
32025269,PP 701 BIJELA 50/66 YACHTING MISSION 524,kom,true
32025270,PP 701 BIJELA 50/66 EUROTIM 2025,kom,true
32025271,PP 732 BIJELA TONIRANO PLAVA 50/66 PERŠIĆ,kom,true
32025272,PP 701 BIJELA 50/66 RIBILI,kom,true
32025273,PP 701 BIJELA 50/66 INELTEH,kom,true
32025274,PVC BIJELA 105/330 LIM MONT,kom,true
32025275,PP 701 BIJELA 50/66 TEHNOSOL,kom,true
32025276,PP 701 BIJELA 50/66 VEDAPROM,kom,true
32025277,PP 701 BIJELA 50/66 AQUAMARINE,kom,true
32025278,PP 701 PROZIRNA 50/66 BAGATIN BEAUTY,kom,true
32025279,PP 701 PROZIRNA 50/66 HOP HOP,kom,true
32025280,PP 701 BIJELA 50/66 PURE EQUESTRIAN 2025,kom,true
32025281,PP 600 BIJELA 50/66 TPO FELETAR,kom,true
32025282,PP 600 BIJELA 50/66 MC PLUS,kom,true
32025283,PP 701 BIJELA 50/66 OKTOGON,kom,true
32025284,PP 701 BIJELA 50/66 SEA POWER,kom,true
32025285,PP 600 BIJELA TONIRANO ŽUTA 50/66 KOMUNALNO REDARSTVO,kom,true
32025286,PP 600 BIJELA 50/66 ELEKTRO AP,kom,true
32025287,PP 701 BIJELA 50/66 ALUVAR,kom,true
32025288,PP 600 BIJELA 50/132 GU,kom,true
32025289,PP 701 BIJELA 50/66 FRAGARIA JAGODA 2025,kom,true
32025290,PP 701 BIJELA 50/66 WOLLBETT,kom,true
32025292,PP 701 BIJELA 50/66 OPTIMA ENERGIJA,kom,true
32025293,PP 600 BIJELA 50/66 BLUE GYM,kom,true
32025294,PP 701 BIJELA 50/66 NEOMA,kom,true
32025295,PP 701 BIJELA 50/66 DEA DIZAJN,kom,true
32025296,PVC BIJELA 50/66 ACHTUNG ATTENZIONE WARNING,kom,true
32025297,PP 701 BIJELA 50/66 STOCK BOSNIA AND HERZEGOVINA,kom,true
32025298,PP 732 BIJELA 50/66 BELINA MONT,kom,true
32025299,PP 600 BIJELA 50/66 PREP ME,kom,true
32025300,PP 701 BIJELA 50/66 DOUGLAS,kom,true
32025301,PP 701 PROZIRNA 50/66 DOUGLAS,kom,true
32025302,PP 701 BIJELA 50/66 DSF TOMAS,kom,true
32025303,PP 600 BIJELA 50/66 KULEN JOSIPOVIĆ,kom,true
32025304,PP 600 BIJELA TONIRANO LJUBIČASTA 50/66,kom,true
32025305,PP 701 BIJELA 50/66  VARIOSYSTEM,kom,true
32025306,PP 701 BIJELA 50/66 SCHIEFFER EK,kom,true
32025307,PP 701 BIJELA 50/66 RIKO,kom,true
32025308,PP 600 BIJELA 50/66 FLUXUS,kom,true
32025309,PP 701 BIJELA 50/66 ŠTERNAFER,kom,true
32025310,PP 701 BIJELA 50/66 TUŠ DROGERIJA 2025,kom,true
32025311,PP 701 BIJELA 50/66 FRIGO SERVIS ŠIME,kom,true
32025313,PVC BIJELA 50/66 ČRPALKE ČIŽMAN,kom,true
32025314,PP 701 BIJELA 50/66 VODOLIM ŠEKETA,kom,true
32025315,PP 701 BIJELA 50/66 MIOR,kom,true
32025317,PP 600 BIJELA 50/66 GABy MWOL-GALANTERIJA BABIĆ,kom,true
32025318,PVC BIJELA 50/66 ČETRTA POT 2025,kom,true
32025319,PP 701 BIJELA 50/66 KRISTY,kom,true
32025320,PP 701 BIJELA 50/66 POZVEK,kom,true
32025321,PP 701 BIJELA 50/66 POZVEK BD,kom,true
32025322,PP 600 BIJELA TONIRANO CRNA 50/66 MATCHA,kom,true
32025323,PP 701 BIJELA 50/66 ECO DIES,kom,true
32025324,PP 701 BIJELA 50/66 ACHTUNG,kom,true
32025326,PP 600 BIJELA 50/66 FRANKO S,kom,true
32025327,PP 701 BIJELA 50/66 LA PIEL 2025,kom,true
32025328,PP 732 BIJELA 50/66 STJEPANČEVIĆ CNC DOMIX,kom,true
32025329,PP 701 BIJELA 50/66 ROTA,kom,true
32025330,PP 701 PROZIRNA 50/66 BEKRIJA,kom,true
32025331,PP 732 BIJELA TONIRANO CRNA 50/66 SOL I PAPAR,kom,true
32025332,PVC BIJELA 50/66 PROTRADE,kom,true
32025333,PP 701 BIJELA 50/66 RIPLAST,kom,true
32025334,PP 701 TONIRANO CRVENA 50/66 ADRIATIQUE NAUTICA,kom,true
32025335,PP 701 PROZIRNA 50/66 CHIAVALON,kom,true
32025336,PP 701 BIJELA 50/66 CRYSTAL CANDLES,kom,true
32025337,PP 701 BIJELA 50/66 IVANDA COMMERCE,kom,true
32025338,PP 701 BIJELA 50/66 MZ,kom,true
32025339,PP 701 BIJELA 50/66 DIAD KONSTRUKCIJE,kom,true
32025340,PP 701 BIJELA 50/66 COLBY,kom,true
32025341,PP 600 BIJELA 50/66 ICE,kom,true
32025342,PP 701 BIJELA 50/66 LJEKARNIK 365,kom,true
32025343,PP 701 BIJELA TONIRANO LJUBIČASTA- SVIJETLA  50/66 DBAS,kom,true
32025345,PP 701 BIJELA 50/66 AUTO HORVAT 2025,kom,true
32025346,PP 600 BIJELA 50/66 O-REL,kom,true
32025348,PP 600 BIJELA TONIRANO SMEĐA 50/66 H-METAL,kom,true
32025349,PP 701 BIJELA 50/66 KAPITAL GRUPA,kom,true
32025350,PP 732 BIJELA 50/66 BOLTANO 2025,kom,true
32025351,PP 701 PROZIRNA 50/66 DAMJANIĆ,kom,true
32025352,PP 600 BIJELA 50/132 RIPS SALOPEK,kom,true
32025355,PP 600 BIJELA 50/66 ZAOBILAZNICA,kom,true
32025356,PP 701 BIJELA 50/66 ZAOBILAZNICA,kom,true
32025357,PP 600 BIJELA 50/66 ELEKTRO SUMA,kom,true
32025358,PP 701 BIJELA 50/66 OTOTRAK,kom,true
32025359,PVC BIJELA 50/66 ŠKARE TRADE 2025,kom,true
32030020,ECO PACK 25/50 FP,kom,true
32030024,ECO PACK 50/50 AURA,kom,true
32030027,ECO PACK 50/50 BUJSKA PIVOVARA,kom,true
32030030,ECO PACK 50/50 VINA VORIĆ,kom,true
32030031,KREP TRAKA 60 300/50 FP,kom,true
32030041,KREP 6260 100/50 FP,kom,true
32030044,ECO PACK 50/500 MERCATOR-EMBA,kom,true
32030045,ECO PACK 75/50 KARLIĆ TARTUFI,kom,true
32030052,ECO PACK 50/50 JOMI LABELS,kom,true
32030058,KREP TRAKA 60 15/50 FP,kom,true
32030065,ECO PACK 50/50 VEGANSKO SI,kom,true
32030076,KREP TRAKA UNIVERSAL 19/50 FP,kom,true
32030077,KREP TRAKA 60 UNIVERSAL 30/50 FP,kom,true
32030079,KREP TRAKA UNIVERSAL 50/50 FP,kom,true
32030082,KREP TRAKA 80 25/50 FP,kom,true
32030096,KREP TRAKA 60 UNIVERSAL 75/50 FP,kom,true
32030106,KREP TRAKA 50  UNIVERSAL 24/50 FP WURTH,kom,true
32030107,KREP TRAKA 50  UNIVERSAL 30/50 FP WURTH,kom,true
32030108,KREP TRAKA 50  UNIVERSAL 36/50 FP WURTH,kom,true
32030109,KREP TRAKA 50  UNIVERSAL 48/50 FP WURTH,kom,true
32030110,ECO PACK 50/50 HEMPTOUCH,kom,true
32030113,KREP TRAKA UV 38/50 FP,kom,true
32030115,ECO PACK 50/50 FOTONAREDI,kom,true
32030123,ECO PACK 50/50 IPOKLONI,kom,true
32030138,KREP TRAKA UV 19/50 FP,kom,true
32030140,ECO PACK 50/50 AROMATRIP,kom,true
32030142,ECO PACK 50/50 BALONI PLETER,kom,true
32030153,ECO PACK 50/50 HUMED,kom,true
32030156,KREP TRAKA 100 38/50 FP,kom,true
32030164,ECO PACK 50/50 EWOPHARMA,kom,true
32030165,ECO PACK 50/50 STRELICE,kom,true
32030174,ECO PACK 50/50 PLODOVI,kom,true
32030177,ECO PACK 50/50 PROSCO,kom,true
32030182,ECO PACK 50/50 HISTRIS,kom,true
32030183,ECO PACK 50/50 PERO PRSKAJ OD SREĆE,kom,true
32030187,ECO PACK 50/500 HERZ,kom,true
32030192,ECO PACK 50/50 ISTARSKE LJEKARNE,kom,true
32030198,KREP TRAKA 60 UNIVERSAL 18/50 FP,kom,true
32030199,KREP TRAKA 60 UNIVERSAL 24/50 FP,kom,true
32030200,KREP TRAKA 60 UNIVERSAL 36/50 FP,kom,true
32030201,KREP TRAKA 60 UNIVERSAL 48/50 FP,kom,true
32030203,ECO PACK 50/50 VOLIM LJUTO,kom,true
32030204,ECO PACK 50/50 HT WINE,kom,true
32030207,KREP TRAKA 60 9/50 FP,kom,true
32030220,ECO PACK 50/50 DROBTINKA,kom,true
32030233,KREP TRAKA 60 200/50 FP,kom,true
32030234,ECO PACK 50/50 DRAFT,kom,true
32030238,ECO PACK 50/50 GUMIS,kom,true
32030246,KREP TRAKA 60 10/50 FP,kom,true
32030255,ECO PACK 50/50 HUG YOUR LIFE,kom,true
32030261,ECO PACK 50/50 BEVOG,kom,true
32030262,ECO PACK 50/50 MPG LAB,kom,true
32030264,KREP TRAKA 100 19/50 FP,kom,true
32030265,KREP TRAKA 100 30/50 FP,kom,true
32030279,ECO PACK 50/50 SHAKE,kom,true
32030280,KREP TRAKA 80 38/50 FP,kom,true
32030281,ECO PACK 50/50 UNIKATNI POKLONI PRIČA,kom,true
32030282,ECO PACK 50/50 STIR LINE,kom,true
32030283,ECO PACK 50/50 FIRE AND STONE,kom,true
32030284,ECO PACK 50/50 TASKING 2025,kom,true
32030285,ECO PACK 50/50 NOVOLINE SVIJET BRTVILA,kom,true
32030286,ECO PACK 50/50 HOOK & COOK,kom,true
32030288,ECO PACK 50/50 NEOMA,kom,true
32030289,ECO PACK 50/50 RED BOX 2025,kom,true
32030290,ECO PACK 50/50 MORE STUDIO,kom,true
32030291,ECO PACK 50/50 BURETIC BREGI,kom,true
32030292,ECO PACK 50/50 BODY QUEEN,kom,true
32030296,ECO PACK 50/50 JELENIĆ 2025,kom,true
32030297,ECO PACK 50/50 HENA COM,kom,true
32040016,MAG 400 10/50 FP,kom,true
32040023,MAG 400 20/33 FP,kom,true
32040035,MAG F 25/3 FP,kom,true
32040042,MAG F 50/33 FP,kom,true
32040054,MAG 110 25/50 FP,kom,true
32040071,MAG 110 S 100/50 FP,kom,true
32040079,MAG 400 10/33 FP,kom,true
32040140,MAG 600 50/50 FP,kom,true
32050022,AMERICAN DUCT TAPE SIVI 150/50 FP,kom,true
32050035,ALUTAPE 100/50 FP,kom,true
32090004,DUPLEX VREĆICE PA/PE 90 MY 200/250,kom,true
32090008,PP ARCI 700/1000 NEUTRO,kom,true
32090020,PP ARCI 400/600 NEUTRO,kom,true
32090023,DUPLEX VREĆICE PA/PE 90 MY 200/350,kom,true
32090050,DUPLEX VREĆICE PA/PE 90 MY 150/300,kom,true
32090052,DUPLEX VREĆICE PA/PE 90 MY 150/350,kom,true
32090056,DUPLEX VREĆICE PA/PE 90 MY 150/400,kom,true
33010001,PP 525 PROZIRNA 19/66,kom,true
33010046,PVC 360 BIJELA 50/330,kom,true
33010054,PP 625 PROZIRNA 48/66,kom,true
33010083,"PP 30 BIJELA 3""H.1410X4000 JUMBO/6 KOM",kom,true
33020001,ECO PACK 25/50 CRNE ŠARE,kom,true
33030011,KREP 6260 200/50,kom,true
33030066,KREP TRAKA 60 PROFESSIONAL 38/50 WURTH,kom,true
33030067,KREP TRAKA 60 PROFESSIONAL 50/50 WURTH,kom,true
33050014,AMERICAN DUCT TAPE SIVI 50/25,kom,true
33050031,AMERICAN DUCT TAPE CRNI 50/25,kom,true
33080012,PE BIJELA 75X200 ČUVAR PRIRODE,kom,true
33080013,PE ŽUTA 75X200 KOMUNALNO REDARSTVO,kom,true
33090008,FOLIJA SA ZRAČNIM MJEHURIČIMA 1000mm/200m/200m2,kom,true
33090062,STRECH FOLIJA STROJNA 17 MY SP,kom,true
33090069,STRETCH FOLIJA STROJNA 23 MY,kom,true
33090076,STRECH FOLIJA STROJNA 17 MY 250%,kom,true
33090109,Držač za ručnu stretch foliju,kom,true
33090110,STROJNA STRETCH FOLIJA Q17my,kom,true
33090111,ETIKETA Fi 59 PP PROZIRNA,kom,true
33090112,"Građevinska folija LDPE 150my CRNA 4000mm x 0,15mm",kom,true
33090113,"Profil od ekspandiranog PE, U-Tip (15-25), 280m/1",kom,true
33090114,"Profil od ekspandiranog PE, U-Tip (26-33), 460m/1 za staklo",kom,true
33090116,RUČNI STRETCH 17 MY 3KG,kom,true
33090118,ETIKETA Fi 30 PP PROZIRNA,kom,true
33090119,Stroj za omatanje paleta ECOPLAT FRD,kom,true
33090120,"Rampa dovozna za električni viličar, fi 1500mm, 2200x1000m, 1000 kg",kom,true
33090121,PE CRIJEVO,kom,true
34010001,USLUGA REZANJA PP ARAKA,kom,true
35010026,DUPLEX VREĆICE PA/PE 90 MY  150/250,kom,true
35010028,DUPLEX VREĆICE PA/PE 90 MY  130/350,kom,true
35010029,DUPLEX VREĆICE PA / PE 90 MY  130/400,kom,true
35010030,DUPLEX VREĆICE PA/PE 90 MY 130/250,kom,true
35010031,DUPLEX VREĆICE PA/PE 90 MY 130/300,kom,true
SVEUKUPNO,,kom,true
